year,Health ODA,Health ODA (without COVID)
2015,23466.306751292774,
2016,24305.3248460971,
2017,27250.576707834978,
2018,24787.865841771905,
2019,23338.159607202928,23338.159607202928
2020,30445.964246424253,20086.696821530615
2021,35333.21770500787,18751.979435736048
2022,39467.542432,23034.782851
