sector,Post-COVID,Pre-COVID
Health,35082.24146114404,25125.534052269937
